,ImageLocation
0,Images/KitchenBrick.jpg
1,Images/IMG_8082.jpg
2,Images/IMG_8076.jpg
3,Images/IMG_8063.jpg
4,Images/IMG_8061.jpg
5,Images/IMG_8058.jpg
6,Images/IMG_8057.jpg
7,Images/IMG_8056.jpg
0,Images/ADTester.jpg
1,Images/KitchenBrick.jpg
2,Images/	LeatherCouch.jpg
3,Images/Screen Shot 2020-08-28 at 9.53.32 AM.png
4,Images/IMG_8083.jpg
5,Images/IMG_8082.jpg
6,Images/IMG_8081.jpg
7,Images/IMG_8080.jpg
8,Images/IMG_8079.jpg
9,Images/IMG_8078.jpg
10,Images/IMG_8077.jpg
11,Images/IMG_8076.jpg
12,Images/IMG_8075.jpg
13,Images/IMG_8074.jpg
14,Images/IMG_8073.jpg
15,Images/IMG_8072.jpg
16,Images/IMG_8071.jpg
17,Images/IMG_8070.jpg
18,Images/IMG_8069.jpg
19,Images/IMG_8068.jpg
20,Images/IMG_8067.jpg
21,Images/IMG_8065.jpg
22,Images/IMG_8064.jpg
23,Images/IMG_8063.jpg
24,Images/IMG_8061.jpg
25,Images/IMG_8059.jpg
26,Images/IMG_8058.jpg
27,Images/IMG_8057.jpg
28,Images/IMG_8056.jpg
29,Images/IMG_8055.jpg
30,Images/IMG_8054.jpg
0,Images/ADTester.jpg
1,Images/KitchenBrick.jpg
2,Images/IMG_8082.jpg
3,Images/IMG_8080.jpg
4,Images/IMG_8076.jpg
5,Images/IMG_8065.jpg
6,Images/IMG_8058.jpg
7,Images/IMG_8057.jpg
8,Images/IMG_8056.jpg
9,Images/IMG_8055.jpg
